--
-- PostgreSQL database dump
--

\restrict 3liqmyKdFCC0QaQoO0muNv9Q8MoPiHqEK1goGscGjlLgDddbojr4nmzK5J83ebs

-- Dumped from database version 16.14 (Debian 16.14-1.pgdg13+1)
-- Dumped by pg_dump version 16.14 (Debian 16.14-1.pgdg13+1)

SET statement_timeout = 0;
SET lock_timeout = 0;
SET idle_in_transaction_session_timeout = 0;
SET client_encoding = 'UTF8';
SET standard_conforming_strings = on;
SELECT pg_catalog.set_config('search_path', '', false);
SET check_function_bodies = false;
SET xmloption = content;
SET client_min_messages = warning;
SET row_security = off;

SET default_tablespace = '';

SET default_table_access_method = heap;

--
-- Name: auth_group; Type: TABLE; Schema: public; Owner: schedule_user
--

CREATE TABLE public.auth_group (
    id integer NOT NULL,
    name character varying(150) NOT NULL
);


ALTER TABLE public.auth_group OWNER TO schedule_user;

--
-- Name: auth_group_id_seq; Type: SEQUENCE; Schema: public; Owner: schedule_user
--

ALTER TABLE public.auth_group ALTER COLUMN id ADD GENERATED BY DEFAULT AS IDENTITY (
    SEQUENCE NAME public.auth_group_id_seq
    START WITH 1
    INCREMENT BY 1
    NO MINVALUE
    NO MAXVALUE
    CACHE 1
);


--
-- Name: auth_group_permissions; Type: TABLE; Schema: public; Owner: schedule_user
--

CREATE TABLE public.auth_group_permissions (
    id bigint NOT NULL,
    group_id integer NOT NULL,
    permission_id integer NOT NULL
);


ALTER TABLE public.auth_group_permissions OWNER TO schedule_user;

--
-- Name: auth_group_permissions_id_seq; Type: SEQUENCE; Schema: public; Owner: schedule_user
--

ALTER TABLE public.auth_group_permissions ALTER COLUMN id ADD GENERATED BY DEFAULT AS IDENTITY (
    SEQUENCE NAME public.auth_group_permissions_id_seq
    START WITH 1
    INCREMENT BY 1
    NO MINVALUE
    NO MAXVALUE
    CACHE 1
);


--
-- Name: auth_permission; Type: TABLE; Schema: public; Owner: schedule_user
--

CREATE TABLE public.auth_permission (
    id integer NOT NULL,
    name character varying(255) NOT NULL,
    content_type_id integer NOT NULL,
    codename character varying(100) NOT NULL
);


ALTER TABLE public.auth_permission OWNER TO schedule_user;

--
-- Name: auth_permission_id_seq; Type: SEQUENCE; Schema: public; Owner: schedule_user
--

ALTER TABLE public.auth_permission ALTER COLUMN id ADD GENERATED BY DEFAULT AS IDENTITY (
    SEQUENCE NAME public.auth_permission_id_seq
    START WITH 1
    INCREMENT BY 1
    NO MINVALUE
    NO MAXVALUE
    CACHE 1
);


--
-- Name: auth_user; Type: TABLE; Schema: public; Owner: schedule_user
--

CREATE TABLE public.auth_user (
    id integer NOT NULL,
    password character varying(128) NOT NULL,
    last_login timestamp with time zone,
    is_superuser boolean NOT NULL,
    username character varying(150) NOT NULL,
    first_name character varying(150) NOT NULL,
    last_name character varying(150) NOT NULL,
    email character varying(254) NOT NULL,
    is_staff boolean NOT NULL,
    is_active boolean NOT NULL,
    date_joined timestamp with time zone NOT NULL
);


ALTER TABLE public.auth_user OWNER TO schedule_user;

--
-- Name: auth_user_groups; Type: TABLE; Schema: public; Owner: schedule_user
--

CREATE TABLE public.auth_user_groups (
    id bigint NOT NULL,
    user_id integer NOT NULL,
    group_id integer NOT NULL
);


ALTER TABLE public.auth_user_groups OWNER TO schedule_user;

--
-- Name: auth_user_groups_id_seq; Type: SEQUENCE; Schema: public; Owner: schedule_user
--

ALTER TABLE public.auth_user_groups ALTER COLUMN id ADD GENERATED BY DEFAULT AS IDENTITY (
    SEQUENCE NAME public.auth_user_groups_id_seq
    START WITH 1
    INCREMENT BY 1
    NO MINVALUE
    NO MAXVALUE
    CACHE 1
);


--
-- Name: auth_user_id_seq; Type: SEQUENCE; Schema: public; Owner: schedule_user
--

ALTER TABLE public.auth_user ALTER COLUMN id ADD GENERATED BY DEFAULT AS IDENTITY (
    SEQUENCE NAME public.auth_user_id_seq
    START WITH 1
    INCREMENT BY 1
    NO MINVALUE
    NO MAXVALUE
    CACHE 1
);


--
-- Name: auth_user_user_permissions; Type: TABLE; Schema: public; Owner: schedule_user
--

CREATE TABLE public.auth_user_user_permissions (
    id bigint NOT NULL,
    user_id integer NOT NULL,
    permission_id integer NOT NULL
);


ALTER TABLE public.auth_user_user_permissions OWNER TO schedule_user;

--
-- Name: auth_user_user_permissions_id_seq; Type: SEQUENCE; Schema: public; Owner: schedule_user
--

ALTER TABLE public.auth_user_user_permissions ALTER COLUMN id ADD GENERATED BY DEFAULT AS IDENTITY (
    SEQUENCE NAME public.auth_user_user_permissions_id_seq
    START WITH 1
    INCREMENT BY 1
    NO MINVALUE
    NO MAXVALUE
    CACHE 1
);


--
-- Name: django_admin_log; Type: TABLE; Schema: public; Owner: schedule_user
--

CREATE TABLE public.django_admin_log (
    id integer NOT NULL,
    action_time timestamp with time zone NOT NULL,
    object_id text,
    object_repr character varying(200) NOT NULL,
    action_flag smallint NOT NULL,
    change_message text NOT NULL,
    content_type_id integer,
    user_id integer NOT NULL,
    CONSTRAINT django_admin_log_action_flag_check CHECK ((action_flag >= 0))
);


ALTER TABLE public.django_admin_log OWNER TO schedule_user;

--
-- Name: django_admin_log_id_seq; Type: SEQUENCE; Schema: public; Owner: schedule_user
--

ALTER TABLE public.django_admin_log ALTER COLUMN id ADD GENERATED BY DEFAULT AS IDENTITY (
    SEQUENCE NAME public.django_admin_log_id_seq
    START WITH 1
    INCREMENT BY 1
    NO MINVALUE
    NO MAXVALUE
    CACHE 1
);


--
-- Name: django_content_type; Type: TABLE; Schema: public; Owner: schedule_user
--

CREATE TABLE public.django_content_type (
    id integer NOT NULL,
    app_label character varying(100) NOT NULL,
    model character varying(100) NOT NULL
);


ALTER TABLE public.django_content_type OWNER TO schedule_user;

--
-- Name: django_content_type_id_seq; Type: SEQUENCE; Schema: public; Owner: schedule_user
--

ALTER TABLE public.django_content_type ALTER COLUMN id ADD GENERATED BY DEFAULT AS IDENTITY (
    SEQUENCE NAME public.django_content_type_id_seq
    START WITH 1
    INCREMENT BY 1
    NO MINVALUE
    NO MAXVALUE
    CACHE 1
);


--
-- Name: django_migrations; Type: TABLE; Schema: public; Owner: schedule_user
--

CREATE TABLE public.django_migrations (
    id bigint NOT NULL,
    app character varying(255) NOT NULL,
    name character varying(255) NOT NULL,
    applied timestamp with time zone NOT NULL
);


ALTER TABLE public.django_migrations OWNER TO schedule_user;

--
-- Name: django_migrations_id_seq; Type: SEQUENCE; Schema: public; Owner: schedule_user
--

ALTER TABLE public.django_migrations ALTER COLUMN id ADD GENERATED BY DEFAULT AS IDENTITY (
    SEQUENCE NAME public.django_migrations_id_seq
    START WITH 1
    INCREMENT BY 1
    NO MINVALUE
    NO MAXVALUE
    CACHE 1
);


--
-- Name: django_session; Type: TABLE; Schema: public; Owner: schedule_user
--

CREATE TABLE public.django_session (
    session_key character varying(40) NOT NULL,
    session_data text NOT NULL,
    expire_date timestamp with time zone NOT NULL
);


ALTER TABLE public.django_session OWNER TO schedule_user;

--
-- Name: schedule_building; Type: TABLE; Schema: public; Owner: schedule_user
--

CREATE TABLE public.schedule_building (
    id bigint NOT NULL,
    name character varying(100) NOT NULL
);


ALTER TABLE public.schedule_building OWNER TO schedule_user;

--
-- Name: schedule_building_id_seq; Type: SEQUENCE; Schema: public; Owner: schedule_user
--

ALTER TABLE public.schedule_building ALTER COLUMN id ADD GENERATED BY DEFAULT AS IDENTITY (
    SEQUENCE NAME public.schedule_building_id_seq
    START WITH 1
    INCREMENT BY 1
    NO MINVALUE
    NO MAXVALUE
    CACHE 1
);


--
-- Name: schedule_group; Type: TABLE; Schema: public; Owner: schedule_user
--

CREATE TABLE public.schedule_group (
    id bigint NOT NULL,
    name character varying(50) NOT NULL,
    course smallint,
    CONSTRAINT schedule_group_course_check CHECK ((course >= 0))
);


ALTER TABLE public.schedule_group OWNER TO schedule_user;

--
-- Name: schedule_group_id_seq; Type: SEQUENCE; Schema: public; Owner: schedule_user
--

ALTER TABLE public.schedule_group ALTER COLUMN id ADD GENERATED BY DEFAULT AS IDENTITY (
    SEQUENCE NAME public.schedule_group_id_seq
    START WITH 1
    INCREMENT BY 1
    NO MINVALUE
    NO MAXVALUE
    CACHE 1
);


--
-- Name: schedule_lesson; Type: TABLE; Schema: public; Owner: schedule_user
--

CREATE TABLE public.schedule_lesson (
    id bigint NOT NULL,
    subgroup smallint,
    day_of_week smallint NOT NULL,
    week_parity character varying(5) NOT NULL,
    group_id bigint NOT NULL,
    lesson_type_id bigint NOT NULL,
    room_id bigint NOT NULL,
    subject_id bigint NOT NULL,
    teacher_id bigint NOT NULL,
    time_slot_id bigint NOT NULL,
    CONSTRAINT schedule_lesson_day_of_week_check CHECK ((day_of_week >= 0)),
    CONSTRAINT schedule_lesson_subgroup_check CHECK ((subgroup >= 0))
);


ALTER TABLE public.schedule_lesson OWNER TO schedule_user;

--
-- Name: schedule_lesson_id_seq; Type: SEQUENCE; Schema: public; Owner: schedule_user
--

ALTER TABLE public.schedule_lesson ALTER COLUMN id ADD GENERATED BY DEFAULT AS IDENTITY (
    SEQUENCE NAME public.schedule_lesson_id_seq
    START WITH 1
    INCREMENT BY 1
    NO MINVALUE
    NO MAXVALUE
    CACHE 1
);


--
-- Name: schedule_lessontype; Type: TABLE; Schema: public; Owner: schedule_user
--

CREATE TABLE public.schedule_lessontype (
    id bigint NOT NULL,
    name character varying(50) NOT NULL,
    color character varying(7) NOT NULL
);


ALTER TABLE public.schedule_lessontype OWNER TO schedule_user;

--
-- Name: schedule_lessontype_id_seq; Type: SEQUENCE; Schema: public; Owner: schedule_user
--

ALTER TABLE public.schedule_lessontype ALTER COLUMN id ADD GENERATED BY DEFAULT AS IDENTITY (
    SEQUENCE NAME public.schedule_lessontype_id_seq
    START WITH 1
    INCREMENT BY 1
    NO MINVALUE
    NO MAXVALUE
    CACHE 1
);


--
-- Name: schedule_room; Type: TABLE; Schema: public; Owner: schedule_user
--

CREATE TABLE public.schedule_room (
    id bigint NOT NULL,
    number character varying(20) NOT NULL,
    capacity integer,
    building_id bigint NOT NULL,
    CONSTRAINT schedule_room_capacity_check CHECK ((capacity >= 0))
);


ALTER TABLE public.schedule_room OWNER TO schedule_user;

--
-- Name: schedule_room_id_seq; Type: SEQUENCE; Schema: public; Owner: schedule_user
--

ALTER TABLE public.schedule_room ALTER COLUMN id ADD GENERATED BY DEFAULT AS IDENTITY (
    SEQUENCE NAME public.schedule_room_id_seq
    START WITH 1
    INCREMENT BY 1
    NO MINVALUE
    NO MAXVALUE
    CACHE 1
);


--
-- Name: schedule_subject; Type: TABLE; Schema: public; Owner: schedule_user
--

CREATE TABLE public.schedule_subject (
    id bigint NOT NULL,
    name character varying(200) NOT NULL
);


ALTER TABLE public.schedule_subject OWNER TO schedule_user;

--
-- Name: schedule_subject_id_seq; Type: SEQUENCE; Schema: public; Owner: schedule_user
--

ALTER TABLE public.schedule_subject ALTER COLUMN id ADD GENERATED BY DEFAULT AS IDENTITY (
    SEQUENCE NAME public.schedule_subject_id_seq
    START WITH 1
    INCREMENT BY 1
    NO MINVALUE
    NO MAXVALUE
    CACHE 1
);


--
-- Name: schedule_teacher; Type: TABLE; Schema: public; Owner: schedule_user
--

CREATE TABLE public.schedule_teacher (
    id bigint NOT NULL,
    last_name character varying(100) NOT NULL,
    first_name character varying(100) NOT NULL,
    middle_name character varying(100) NOT NULL,
    academic_title character varying(100) NOT NULL
);


ALTER TABLE public.schedule_teacher OWNER TO schedule_user;

--
-- Name: schedule_teacher_id_seq; Type: SEQUENCE; Schema: public; Owner: schedule_user
--

ALTER TABLE public.schedule_teacher ALTER COLUMN id ADD GENERATED BY DEFAULT AS IDENTITY (
    SEQUENCE NAME public.schedule_teacher_id_seq
    START WITH 1
    INCREMENT BY 1
    NO MINVALUE
    NO MAXVALUE
    CACHE 1
);


--
-- Name: schedule_timeslot; Type: TABLE; Schema: public; Owner: schedule_user
--

CREATE TABLE public.schedule_timeslot (
    id bigint NOT NULL,
    number smallint NOT NULL,
    start_time time without time zone NOT NULL,
    end_time time without time zone NOT NULL,
    CONSTRAINT schedule_timeslot_number_check CHECK ((number >= 0))
);


ALTER TABLE public.schedule_timeslot OWNER TO schedule_user;

--
-- Name: schedule_timeslot_id_seq; Type: SEQUENCE; Schema: public; Owner: schedule_user
--

ALTER TABLE public.schedule_timeslot ALTER COLUMN id ADD GENERATED BY DEFAULT AS IDENTITY (
    SEQUENCE NAME public.schedule_timeslot_id_seq
    START WITH 1
    INCREMENT BY 1
    NO MINVALUE
    NO MAXVALUE
    CACHE 1
);


--
-- Data for Name: auth_group; Type: TABLE DATA; Schema: public; Owner: schedule_user
--

COPY public.auth_group (id, name) FROM stdin;
\.


--
-- Data for Name: auth_group_permissions; Type: TABLE DATA; Schema: public; Owner: schedule_user
--

COPY public.auth_group_permissions (id, group_id, permission_id) FROM stdin;
\.


--
-- Data for Name: auth_permission; Type: TABLE DATA; Schema: public; Owner: schedule_user
--

COPY public.auth_permission (id, name, content_type_id, codename) FROM stdin;
1	Can add log entry	1	add_logentry
2	Can change log entry	1	change_logentry
3	Can delete log entry	1	delete_logentry
4	Can view log entry	1	view_logentry
5	Can add permission	2	add_permission
6	Can change permission	2	change_permission
7	Can delete permission	2	delete_permission
8	Can view permission	2	view_permission
9	Can add group	3	add_group
10	Can change group	3	change_group
11	Can delete group	3	delete_group
12	Can view group	3	view_group
13	Can add user	4	add_user
14	Can change user	4	change_user
15	Can delete user	4	delete_user
16	Can view user	4	view_user
17	Can add content type	5	add_contenttype
18	Can change content type	5	change_contenttype
19	Can delete content type	5	delete_contenttype
20	Can view content type	5	view_contenttype
21	Can add session	6	add_session
22	Can change session	6	change_session
23	Can delete session	6	delete_session
24	Can view session	6	view_session
25	Can add Корпус	7	add_building
26	Can change Корпус	7	change_building
27	Can delete Корпус	7	delete_building
28	Can view Корпус	7	view_building
29	Can add Группа	8	add_group
30	Can change Группа	8	change_group
31	Can delete Группа	8	delete_group
32	Can view Группа	8	view_group
33	Can add Тип занятия	9	add_lessontype
34	Can change Тип занятия	9	change_lessontype
35	Can delete Тип занятия	9	delete_lessontype
36	Can view Тип занятия	9	view_lessontype
37	Can add Дисциплина	10	add_subject
38	Can change Дисциплина	10	change_subject
39	Can delete Дисциплина	10	delete_subject
40	Can view Дисциплина	10	view_subject
41	Can add Преподаватель	11	add_teacher
42	Can change Преподаватель	11	change_teacher
43	Can delete Преподаватель	11	delete_teacher
44	Can view Преподаватель	11	view_teacher
45	Can add Пара	12	add_timeslot
46	Can change Пара	12	change_timeslot
47	Can delete Пара	12	delete_timeslot
48	Can view Пара	12	view_timeslot
49	Can add Аудитория	13	add_room
50	Can change Аудитория	13	change_room
51	Can delete Аудитория	13	delete_room
52	Can view Аудитория	13	view_room
53	Can add Занятие	14	add_lesson
54	Can change Занятие	14	change_lesson
55	Can delete Занятие	14	delete_lesson
56	Can view Занятие	14	view_lesson
\.


--
-- Data for Name: auth_user; Type: TABLE DATA; Schema: public; Owner: schedule_user
--

COPY public.auth_user (id, password, last_login, is_superuser, username, first_name, last_name, email, is_staff, is_active, date_joined) FROM stdin;
1	pbkdf2_sha256$1000000$2ERJLckUxP3vsAObTnHjsm$DUfega1gRUokMsheMMY8ee51r8aLguUpf0PEm3wYcTI=	2026-07-06 20:38:34.196978+00	t	George07876			zazazazazazazazajdfiu@mail.ru	t	t	2026-07-06 20:37:58.271368+00
\.


--
-- Data for Name: auth_user_groups; Type: TABLE DATA; Schema: public; Owner: schedule_user
--

COPY public.auth_user_groups (id, user_id, group_id) FROM stdin;
\.


--
-- Data for Name: auth_user_user_permissions; Type: TABLE DATA; Schema: public; Owner: schedule_user
--

COPY public.auth_user_user_permissions (id, user_id, permission_id) FROM stdin;
\.


--
-- Data for Name: django_admin_log; Type: TABLE DATA; Schema: public; Owner: schedule_user
--

COPY public.django_admin_log (id, action_time, object_id, object_repr, action_flag, change_message, content_type_id, user_id) FROM stdin;
\.


--
-- Data for Name: django_content_type; Type: TABLE DATA; Schema: public; Owner: schedule_user
--

COPY public.django_content_type (id, app_label, model) FROM stdin;
1	admin	logentry
2	auth	permission
3	auth	group
4	auth	user
5	contenttypes	contenttype
6	sessions	session
7	schedule	building
8	schedule	group
9	schedule	lessontype
10	schedule	subject
11	schedule	teacher
12	schedule	timeslot
13	schedule	room
14	schedule	lesson
\.


--
-- Data for Name: django_migrations; Type: TABLE DATA; Schema: public; Owner: schedule_user
--

COPY public.django_migrations (id, app, name, applied) FROM stdin;
1	contenttypes	0001_initial	2026-07-06 20:35:47.889087+00
2	auth	0001_initial	2026-07-06 20:35:48.029365+00
3	admin	0001_initial	2026-07-06 20:35:48.075715+00
4	admin	0002_logentry_remove_auto_add	2026-07-06 20:35:48.086523+00
5	admin	0003_logentry_add_action_flag_choices	2026-07-06 20:35:48.099381+00
6	contenttypes	0002_remove_content_type_name	2026-07-06 20:35:48.129361+00
7	auth	0002_alter_permission_name_max_length	2026-07-06 20:35:48.144375+00
8	auth	0003_alter_user_email_max_length	2026-07-06 20:35:48.159426+00
9	auth	0004_alter_user_username_opts	2026-07-06 20:35:48.170696+00
10	auth	0005_alter_user_last_login_null	2026-07-06 20:35:48.186055+00
11	auth	0006_require_contenttypes_0002	2026-07-06 20:35:48.192317+00
12	auth	0007_alter_validators_add_error_messages	2026-07-06 20:35:48.206232+00
13	auth	0008_alter_user_username_max_length	2026-07-06 20:35:48.237165+00
14	auth	0009_alter_user_last_name_max_length	2026-07-06 20:35:48.251403+00
15	auth	0010_alter_group_name_max_length	2026-07-06 20:35:48.270748+00
16	auth	0011_update_proxy_permissions	2026-07-06 20:35:48.281098+00
17	auth	0012_alter_user_first_name_max_length	2026-07-06 20:35:48.298295+00
18	schedule	0001_initial	2026-07-06 20:35:48.489573+00
19	sessions	0001_initial	2026-07-06 20:35:48.526938+00
\.


--
-- Data for Name: django_session; Type: TABLE DATA; Schema: public; Owner: schedule_user
--

COPY public.django_session (session_key, session_data, expire_date) FROM stdin;
8nhkni4ai2in65c2aemrmchxeyirz520	.eJxVjDsOwjAQBe_iGln-ZP2hpOcM1q7XwQHkSHFSIe4OkVJA-2bmvUTCba1p62VJE4uz0OL0uxHmR2k74Du22yzz3NZlIrkr8qBdXmcuz8vh_h1U7PVbZxiiUYUdaNBRI0XnkQZnWXlrwmggqkAmo3dEDBAMUzHOW1s0wujE-wPCZzdB:1wgq5K:OVWowG6Q8b0obIVoqscRQqrFjxHm2fJ1wWETNjyZ-GE	2026-07-20 20:38:34.200695+00
\.


--
-- Data for Name: schedule_building; Type: TABLE DATA; Schema: public; Owner: schedule_user
--

COPY public.schedule_building (id, name) FROM stdin;
1	Главный корпус
2	Корпус на Тургеневской
\.


--
-- Data for Name: schedule_group; Type: TABLE DATA; Schema: public; Owner: schedule_user
--

COPY public.schedule_group (id, name, course) FROM stdin;
1	ИСТ-311	1
2	ПРИ-331	3
3	ПМИ-321	2
4	БИН-322	2
5	ПИ-341	4
\.


--
-- Data for Name: schedule_lesson; Type: TABLE DATA; Schema: public; Owner: schedule_user
--

COPY public.schedule_lesson (id, subgroup, day_of_week, week_parity, group_id, lesson_type_id, room_id, subject_id, teacher_id, time_slot_id) FROM stdin;
1	\N	1	odd	1	1	2	5	1	1
2	\N	3	every	5	2	1	4	3	2
3	\N	4	even	3	1	3	1	1	3
4	\N	6	every	3	1	4	3	3	2
5	\N	4	every	1	3	4	1	1	2
6	\N	2	every	1	2	3	5	1	3
7	\N	6	odd	5	1	5	1	1	3
8	\N	3	every	3	2	2	3	4	1
9	\N	3	even	1	1	3	3	3	4
10	\N	4	odd	5	1	2	2	4	2
11	\N	4	every	3	1	4	2	3	1
12	\N	1	every	2	1	5	5	1	3
13	\N	4	even	1	1	5	6	1	4
14	1	2	even	1	2	3	4	1	1
15	1	1	odd	5	2	4	2	1	4
16	1	6	every	4	2	4	4	1	1
17	\N	2	every	5	3	5	5	2	3
18	\N	6	even	3	2	5	3	3	2
19	\N	6	odd	3	2	5	3	3	3
20	1	4	every	3	1	3	3	4	3
21	\N	4	even	1	2	3	4	4	3
22	2	4	odd	2	2	4	6	2	2
23	\N	5	every	1	2	1	2	2	4
24	\N	1	every	4	3	2	4	1	1
25	\N	6	odd	3	1	2	5	3	4
26	2	4	every	5	1	4	1	3	3
27	1	2	even	4	2	2	4	4	3
28	\N	4	even	1	1	5	1	2	3
29	\N	4	odd	3	3	1	1	3	1
30	\N	5	every	1	1	2	5	4	3
31	\N	1	even	1	1	4	3	2	4
32	\N	5	every	5	2	1	5	1	3
33	\N	2	even	5	3	1	3	1	2
34	2	4	every	1	1	5	6	3	3
35	2	6	every	1	3	4	5	4	3
36	1	6	even	3	3	2	1	2	3
37	1	1	even	1	2	2	5	2	4
38	2	3	every	4	2	3	1	4	3
\.


--
-- Data for Name: schedule_lessontype; Type: TABLE DATA; Schema: public; Owner: schedule_user
--

COPY public.schedule_lessontype (id, name, color) FROM stdin;
1	Лекция	#3498db
2	Практика	#2ecc71
3	Лабораторная	#9b59b6
4	Экзамен	#e74c3c
\.


--
-- Data for Name: schedule_room; Type: TABLE DATA; Schema: public; Owner: schedule_user
--

COPY public.schedule_room (id, number, capacity, building_id) FROM stdin;
1	212	60	1
2	214	30	1
3	415	100	1
4	512	40	2
5	513	40	2
\.


--
-- Data for Name: schedule_subject; Type: TABLE DATA; Schema: public; Owner: schedule_user
--

COPY public.schedule_subject (id, name) FROM stdin;
1	Программирование на Python
2	Базы данных (PostgreSQL)
3	Проектный практикум
4	Управление корпоративными ИС
5	Высшая математика
6	Web-технологии (Vue.js)
\.


--
-- Data for Name: schedule_teacher; Type: TABLE DATA; Schema: public; Owner: schedule_user
--

COPY public.schedule_teacher (id, last_name, first_name, middle_name, academic_title) FROM stdin;
1	Долженко	Алексей	Иванович	доц
2	Авдеева	Анна	Александровна	асс
3	Лозина	Елена	Николаевна	доц
4	Полуднев	Виктор	Дмитриевич	проф
\.


--
-- Data for Name: schedule_timeslot; Type: TABLE DATA; Schema: public; Owner: schedule_user
--

COPY public.schedule_timeslot (id, number, start_time, end_time) FROM stdin;
1	1	08:30:00	10:00:00
2	2	10:10:00	11:40:00
3	3	11:50:00	13:20:00
4	4	13:50:00	15:20:00
\.


--
-- Name: auth_group_id_seq; Type: SEQUENCE SET; Schema: public; Owner: schedule_user
--

SELECT pg_catalog.setval('public.auth_group_id_seq', 1, false);


--
-- Name: auth_group_permissions_id_seq; Type: SEQUENCE SET; Schema: public; Owner: schedule_user
--

SELECT pg_catalog.setval('public.auth_group_permissions_id_seq', 1, false);


--
-- Name: auth_permission_id_seq; Type: SEQUENCE SET; Schema: public; Owner: schedule_user
--

SELECT pg_catalog.setval('public.auth_permission_id_seq', 56, true);


--
-- Name: auth_user_groups_id_seq; Type: SEQUENCE SET; Schema: public; Owner: schedule_user
--

SELECT pg_catalog.setval('public.auth_user_groups_id_seq', 1, false);


--
-- Name: auth_user_id_seq; Type: SEQUENCE SET; Schema: public; Owner: schedule_user
--

SELECT pg_catalog.setval('public.auth_user_id_seq', 1, true);


--
-- Name: auth_user_user_permissions_id_seq; Type: SEQUENCE SET; Schema: public; Owner: schedule_user
--

SELECT pg_catalog.setval('public.auth_user_user_permissions_id_seq', 1, false);


--
-- Name: django_admin_log_id_seq; Type: SEQUENCE SET; Schema: public; Owner: schedule_user
--

SELECT pg_catalog.setval('public.django_admin_log_id_seq', 1, false);


--
-- Name: django_content_type_id_seq; Type: SEQUENCE SET; Schema: public; Owner: schedule_user
--

SELECT pg_catalog.setval('public.django_content_type_id_seq', 14, true);


--
-- Name: django_migrations_id_seq; Type: SEQUENCE SET; Schema: public; Owner: schedule_user
--

SELECT pg_catalog.setval('public.django_migrations_id_seq', 19, true);


--
-- Name: schedule_building_id_seq; Type: SEQUENCE SET; Schema: public; Owner: schedule_user
--

SELECT pg_catalog.setval('public.schedule_building_id_seq', 2, true);


--
-- Name: schedule_group_id_seq; Type: SEQUENCE SET; Schema: public; Owner: schedule_user
--

SELECT pg_catalog.setval('public.schedule_group_id_seq', 5, true);


--
-- Name: schedule_lesson_id_seq; Type: SEQUENCE SET; Schema: public; Owner: schedule_user
--

SELECT pg_catalog.setval('public.schedule_lesson_id_seq', 38, true);


--
-- Name: schedule_lessontype_id_seq; Type: SEQUENCE SET; Schema: public; Owner: schedule_user
--

SELECT pg_catalog.setval('public.schedule_lessontype_id_seq', 4, true);


--
-- Name: schedule_room_id_seq; Type: SEQUENCE SET; Schema: public; Owner: schedule_user
--

SELECT pg_catalog.setval('public.schedule_room_id_seq', 5, true);


--
-- Name: schedule_subject_id_seq; Type: SEQUENCE SET; Schema: public; Owner: schedule_user
--

SELECT pg_catalog.setval('public.schedule_subject_id_seq', 6, true);


--
-- Name: schedule_teacher_id_seq; Type: SEQUENCE SET; Schema: public; Owner: schedule_user
--

SELECT pg_catalog.setval('public.schedule_teacher_id_seq', 4, true);


--
-- Name: schedule_timeslot_id_seq; Type: SEQUENCE SET; Schema: public; Owner: schedule_user
--

SELECT pg_catalog.setval('public.schedule_timeslot_id_seq', 4, true);


--
-- Name: auth_group auth_group_name_key; Type: CONSTRAINT; Schema: public; Owner: schedule_user
--

ALTER TABLE ONLY public.auth_group
    ADD CONSTRAINT auth_group_name_key UNIQUE (name);


--
-- Name: auth_group_permissions auth_group_permissions_group_id_permission_id_0cd325b0_uniq; Type: CONSTRAINT; Schema: public; Owner: schedule_user
--

ALTER TABLE ONLY public.auth_group_permissions
    ADD CONSTRAINT auth_group_permissions_group_id_permission_id_0cd325b0_uniq UNIQUE (group_id, permission_id);


--
-- Name: auth_group_permissions auth_group_permissions_pkey; Type: CONSTRAINT; Schema: public; Owner: schedule_user
--

ALTER TABLE ONLY public.auth_group_permissions
    ADD CONSTRAINT auth_group_permissions_pkey PRIMARY KEY (id);


--
-- Name: auth_group auth_group_pkey; Type: CONSTRAINT; Schema: public; Owner: schedule_user
--

ALTER TABLE ONLY public.auth_group
    ADD CONSTRAINT auth_group_pkey PRIMARY KEY (id);


--
-- Name: auth_permission auth_permission_content_type_id_codename_01ab375a_uniq; Type: CONSTRAINT; Schema: public; Owner: schedule_user
--

ALTER TABLE ONLY public.auth_permission
    ADD CONSTRAINT auth_permission_content_type_id_codename_01ab375a_uniq UNIQUE (content_type_id, codename);


--
-- Name: auth_permission auth_permission_pkey; Type: CONSTRAINT; Schema: public; Owner: schedule_user
--

ALTER TABLE ONLY public.auth_permission
    ADD CONSTRAINT auth_permission_pkey PRIMARY KEY (id);


--
-- Name: auth_user_groups auth_user_groups_pkey; Type: CONSTRAINT; Schema: public; Owner: schedule_user
--

ALTER TABLE ONLY public.auth_user_groups
    ADD CONSTRAINT auth_user_groups_pkey PRIMARY KEY (id);


--
-- Name: auth_user_groups auth_user_groups_user_id_group_id_94350c0c_uniq; Type: CONSTRAINT; Schema: public; Owner: schedule_user
--

ALTER TABLE ONLY public.auth_user_groups
    ADD CONSTRAINT auth_user_groups_user_id_group_id_94350c0c_uniq UNIQUE (user_id, group_id);


--
-- Name: auth_user auth_user_pkey; Type: CONSTRAINT; Schema: public; Owner: schedule_user
--

ALTER TABLE ONLY public.auth_user
    ADD CONSTRAINT auth_user_pkey PRIMARY KEY (id);


--
-- Name: auth_user_user_permissions auth_user_user_permissions_pkey; Type: CONSTRAINT; Schema: public; Owner: schedule_user
--

ALTER TABLE ONLY public.auth_user_user_permissions
    ADD CONSTRAINT auth_user_user_permissions_pkey PRIMARY KEY (id);


--
-- Name: auth_user_user_permissions auth_user_user_permissions_user_id_permission_id_14a6b632_uniq; Type: CONSTRAINT; Schema: public; Owner: schedule_user
--

ALTER TABLE ONLY public.auth_user_user_permissions
    ADD CONSTRAINT auth_user_user_permissions_user_id_permission_id_14a6b632_uniq UNIQUE (user_id, permission_id);


--
-- Name: auth_user auth_user_username_key; Type: CONSTRAINT; Schema: public; Owner: schedule_user
--

ALTER TABLE ONLY public.auth_user
    ADD CONSTRAINT auth_user_username_key UNIQUE (username);


--
-- Name: django_admin_log django_admin_log_pkey; Type: CONSTRAINT; Schema: public; Owner: schedule_user
--

ALTER TABLE ONLY public.django_admin_log
    ADD CONSTRAINT django_admin_log_pkey PRIMARY KEY (id);


--
-- Name: django_content_type django_content_type_app_label_model_76bd3d3b_uniq; Type: CONSTRAINT; Schema: public; Owner: schedule_user
--

ALTER TABLE ONLY public.django_content_type
    ADD CONSTRAINT django_content_type_app_label_model_76bd3d3b_uniq UNIQUE (app_label, model);


--
-- Name: django_content_type django_content_type_pkey; Type: CONSTRAINT; Schema: public; Owner: schedule_user
--

ALTER TABLE ONLY public.django_content_type
    ADD CONSTRAINT django_content_type_pkey PRIMARY KEY (id);


--
-- Name: django_migrations django_migrations_pkey; Type: CONSTRAINT; Schema: public; Owner: schedule_user
--

ALTER TABLE ONLY public.django_migrations
    ADD CONSTRAINT django_migrations_pkey PRIMARY KEY (id);


--
-- Name: django_session django_session_pkey; Type: CONSTRAINT; Schema: public; Owner: schedule_user
--

ALTER TABLE ONLY public.django_session
    ADD CONSTRAINT django_session_pkey PRIMARY KEY (session_key);


--
-- Name: schedule_building schedule_building_name_key; Type: CONSTRAINT; Schema: public; Owner: schedule_user
--

ALTER TABLE ONLY public.schedule_building
    ADD CONSTRAINT schedule_building_name_key UNIQUE (name);


--
-- Name: schedule_building schedule_building_pkey; Type: CONSTRAINT; Schema: public; Owner: schedule_user
--

ALTER TABLE ONLY public.schedule_building
    ADD CONSTRAINT schedule_building_pkey PRIMARY KEY (id);


--
-- Name: schedule_group schedule_group_name_key; Type: CONSTRAINT; Schema: public; Owner: schedule_user
--

ALTER TABLE ONLY public.schedule_group
    ADD CONSTRAINT schedule_group_name_key UNIQUE (name);


--
-- Name: schedule_group schedule_group_pkey; Type: CONSTRAINT; Schema: public; Owner: schedule_user
--

ALTER TABLE ONLY public.schedule_group
    ADD CONSTRAINT schedule_group_pkey PRIMARY KEY (id);


--
-- Name: schedule_lesson schedule_lesson_pkey; Type: CONSTRAINT; Schema: public; Owner: schedule_user
--

ALTER TABLE ONLY public.schedule_lesson
    ADD CONSTRAINT schedule_lesson_pkey PRIMARY KEY (id);


--
-- Name: schedule_lessontype schedule_lessontype_name_key; Type: CONSTRAINT; Schema: public; Owner: schedule_user
--

ALTER TABLE ONLY public.schedule_lessontype
    ADD CONSTRAINT schedule_lessontype_name_key UNIQUE (name);


--
-- Name: schedule_lessontype schedule_lessontype_pkey; Type: CONSTRAINT; Schema: public; Owner: schedule_user
--

ALTER TABLE ONLY public.schedule_lessontype
    ADD CONSTRAINT schedule_lessontype_pkey PRIMARY KEY (id);


--
-- Name: schedule_room schedule_room_number_building_id_6e283a56_uniq; Type: CONSTRAINT; Schema: public; Owner: schedule_user
--

ALTER TABLE ONLY public.schedule_room
    ADD CONSTRAINT schedule_room_number_building_id_6e283a56_uniq UNIQUE (number, building_id);


--
-- Name: schedule_room schedule_room_pkey; Type: CONSTRAINT; Schema: public; Owner: schedule_user
--

ALTER TABLE ONLY public.schedule_room
    ADD CONSTRAINT schedule_room_pkey PRIMARY KEY (id);


--
-- Name: schedule_subject schedule_subject_name_key; Type: CONSTRAINT; Schema: public; Owner: schedule_user
--

ALTER TABLE ONLY public.schedule_subject
    ADD CONSTRAINT schedule_subject_name_key UNIQUE (name);


--
-- Name: schedule_subject schedule_subject_pkey; Type: CONSTRAINT; Schema: public; Owner: schedule_user
--

ALTER TABLE ONLY public.schedule_subject
    ADD CONSTRAINT schedule_subject_pkey PRIMARY KEY (id);


--
-- Name: schedule_teacher schedule_teacher_pkey; Type: CONSTRAINT; Schema: public; Owner: schedule_user
--

ALTER TABLE ONLY public.schedule_teacher
    ADD CONSTRAINT schedule_teacher_pkey PRIMARY KEY (id);


--
-- Name: schedule_timeslot schedule_timeslot_number_key; Type: CONSTRAINT; Schema: public; Owner: schedule_user
--

ALTER TABLE ONLY public.schedule_timeslot
    ADD CONSTRAINT schedule_timeslot_number_key UNIQUE (number);


--
-- Name: schedule_timeslot schedule_timeslot_pkey; Type: CONSTRAINT; Schema: public; Owner: schedule_user
--

ALTER TABLE ONLY public.schedule_timeslot
    ADD CONSTRAINT schedule_timeslot_pkey PRIMARY KEY (id);


--
-- Name: auth_group_name_a6ea08ec_like; Type: INDEX; Schema: public; Owner: schedule_user
--

CREATE INDEX auth_group_name_a6ea08ec_like ON public.auth_group USING btree (name varchar_pattern_ops);


--
-- Name: auth_group_permissions_group_id_b120cbf9; Type: INDEX; Schema: public; Owner: schedule_user
--

CREATE INDEX auth_group_permissions_group_id_b120cbf9 ON public.auth_group_permissions USING btree (group_id);


--
-- Name: auth_group_permissions_permission_id_84c5c92e; Type: INDEX; Schema: public; Owner: schedule_user
--

CREATE INDEX auth_group_permissions_permission_id_84c5c92e ON public.auth_group_permissions USING btree (permission_id);


--
-- Name: auth_permission_content_type_id_2f476e4b; Type: INDEX; Schema: public; Owner: schedule_user
--

CREATE INDEX auth_permission_content_type_id_2f476e4b ON public.auth_permission USING btree (content_type_id);


--
-- Name: auth_user_groups_group_id_97559544; Type: INDEX; Schema: public; Owner: schedule_user
--

CREATE INDEX auth_user_groups_group_id_97559544 ON public.auth_user_groups USING btree (group_id);


--
-- Name: auth_user_groups_user_id_6a12ed8b; Type: INDEX; Schema: public; Owner: schedule_user
--

CREATE INDEX auth_user_groups_user_id_6a12ed8b ON public.auth_user_groups USING btree (user_id);


--
-- Name: auth_user_user_permissions_permission_id_1fbb5f2c; Type: INDEX; Schema: public; Owner: schedule_user
--

CREATE INDEX auth_user_user_permissions_permission_id_1fbb5f2c ON public.auth_user_user_permissions USING btree (permission_id);


--
-- Name: auth_user_user_permissions_user_id_a95ead1b; Type: INDEX; Schema: public; Owner: schedule_user
--

CREATE INDEX auth_user_user_permissions_user_id_a95ead1b ON public.auth_user_user_permissions USING btree (user_id);


--
-- Name: auth_user_username_6821ab7c_like; Type: INDEX; Schema: public; Owner: schedule_user
--

CREATE INDEX auth_user_username_6821ab7c_like ON public.auth_user USING btree (username varchar_pattern_ops);


--
-- Name: django_admin_log_content_type_id_c4bce8eb; Type: INDEX; Schema: public; Owner: schedule_user
--

CREATE INDEX django_admin_log_content_type_id_c4bce8eb ON public.django_admin_log USING btree (content_type_id);


--
-- Name: django_admin_log_user_id_c564eba6; Type: INDEX; Schema: public; Owner: schedule_user
--

CREATE INDEX django_admin_log_user_id_c564eba6 ON public.django_admin_log USING btree (user_id);


--
-- Name: django_session_expire_date_a5c62663; Type: INDEX; Schema: public; Owner: schedule_user
--

CREATE INDEX django_session_expire_date_a5c62663 ON public.django_session USING btree (expire_date);


--
-- Name: django_session_session_key_c0390e0f_like; Type: INDEX; Schema: public; Owner: schedule_user
--

CREATE INDEX django_session_session_key_c0390e0f_like ON public.django_session USING btree (session_key varchar_pattern_ops);


--
-- Name: schedule_building_name_685a5f78_like; Type: INDEX; Schema: public; Owner: schedule_user
--

CREATE INDEX schedule_building_name_685a5f78_like ON public.schedule_building USING btree (name varchar_pattern_ops);


--
-- Name: schedule_group_name_f962270c_like; Type: INDEX; Schema: public; Owner: schedule_user
--

CREATE INDEX schedule_group_name_f962270c_like ON public.schedule_group USING btree (name varchar_pattern_ops);


--
-- Name: schedule_le_group_i_416d7b_idx; Type: INDEX; Schema: public; Owner: schedule_user
--

CREATE INDEX schedule_le_group_i_416d7b_idx ON public.schedule_lesson USING btree (group_id, day_of_week, week_parity);


--
-- Name: schedule_le_room_id_51a457_idx; Type: INDEX; Schema: public; Owner: schedule_user
--

CREATE INDEX schedule_le_room_id_51a457_idx ON public.schedule_lesson USING btree (room_id, day_of_week);


--
-- Name: schedule_le_teacher_437579_idx; Type: INDEX; Schema: public; Owner: schedule_user
--

CREATE INDEX schedule_le_teacher_437579_idx ON public.schedule_lesson USING btree (teacher_id, day_of_week);


--
-- Name: schedule_lesson_group_id_90f65ef8; Type: INDEX; Schema: public; Owner: schedule_user
--

CREATE INDEX schedule_lesson_group_id_90f65ef8 ON public.schedule_lesson USING btree (group_id);


--
-- Name: schedule_lesson_lesson_type_id_3fb25148; Type: INDEX; Schema: public; Owner: schedule_user
--

CREATE INDEX schedule_lesson_lesson_type_id_3fb25148 ON public.schedule_lesson USING btree (lesson_type_id);


--
-- Name: schedule_lesson_room_id_6527d42b; Type: INDEX; Schema: public; Owner: schedule_user
--

CREATE INDEX schedule_lesson_room_id_6527d42b ON public.schedule_lesson USING btree (room_id);


--
-- Name: schedule_lesson_subject_id_c94c832f; Type: INDEX; Schema: public; Owner: schedule_user
--

CREATE INDEX schedule_lesson_subject_id_c94c832f ON public.schedule_lesson USING btree (subject_id);


--
-- Name: schedule_lesson_teacher_id_1c27ae23; Type: INDEX; Schema: public; Owner: schedule_user
--

CREATE INDEX schedule_lesson_teacher_id_1c27ae23 ON public.schedule_lesson USING btree (teacher_id);


--
-- Name: schedule_lesson_time_slot_id_c94e18d2; Type: INDEX; Schema: public; Owner: schedule_user
--

CREATE INDEX schedule_lesson_time_slot_id_c94e18d2 ON public.schedule_lesson USING btree (time_slot_id);


--
-- Name: schedule_lessontype_name_8f1bb574_like; Type: INDEX; Schema: public; Owner: schedule_user
--

CREATE INDEX schedule_lessontype_name_8f1bb574_like ON public.schedule_lessontype USING btree (name varchar_pattern_ops);


--
-- Name: schedule_room_building_id_c9329c6c; Type: INDEX; Schema: public; Owner: schedule_user
--

CREATE INDEX schedule_room_building_id_c9329c6c ON public.schedule_room USING btree (building_id);


--
-- Name: schedule_subject_name_b3a36c19_like; Type: INDEX; Schema: public; Owner: schedule_user
--

CREATE INDEX schedule_subject_name_b3a36c19_like ON public.schedule_subject USING btree (name varchar_pattern_ops);


--
-- Name: auth_group_permissions auth_group_permissio_permission_id_84c5c92e_fk_auth_perm; Type: FK CONSTRAINT; Schema: public; Owner: schedule_user
--

ALTER TABLE ONLY public.auth_group_permissions
    ADD CONSTRAINT auth_group_permissio_permission_id_84c5c92e_fk_auth_perm FOREIGN KEY (permission_id) REFERENCES public.auth_permission(id) DEFERRABLE INITIALLY DEFERRED;


--
-- Name: auth_group_permissions auth_group_permissions_group_id_b120cbf9_fk_auth_group_id; Type: FK CONSTRAINT; Schema: public; Owner: schedule_user
--

ALTER TABLE ONLY public.auth_group_permissions
    ADD CONSTRAINT auth_group_permissions_group_id_b120cbf9_fk_auth_group_id FOREIGN KEY (group_id) REFERENCES public.auth_group(id) DEFERRABLE INITIALLY DEFERRED;


--
-- Name: auth_permission auth_permission_content_type_id_2f476e4b_fk_django_co; Type: FK CONSTRAINT; Schema: public; Owner: schedule_user
--

ALTER TABLE ONLY public.auth_permission
    ADD CONSTRAINT auth_permission_content_type_id_2f476e4b_fk_django_co FOREIGN KEY (content_type_id) REFERENCES public.django_content_type(id) DEFERRABLE INITIALLY DEFERRED;


--
-- Name: auth_user_groups auth_user_groups_group_id_97559544_fk_auth_group_id; Type: FK CONSTRAINT; Schema: public; Owner: schedule_user
--

ALTER TABLE ONLY public.auth_user_groups
    ADD CONSTRAINT auth_user_groups_group_id_97559544_fk_auth_group_id FOREIGN KEY (group_id) REFERENCES public.auth_group(id) DEFERRABLE INITIALLY DEFERRED;


--
-- Name: auth_user_groups auth_user_groups_user_id_6a12ed8b_fk_auth_user_id; Type: FK CONSTRAINT; Schema: public; Owner: schedule_user
--

ALTER TABLE ONLY public.auth_user_groups
    ADD CONSTRAINT auth_user_groups_user_id_6a12ed8b_fk_auth_user_id FOREIGN KEY (user_id) REFERENCES public.auth_user(id) DEFERRABLE INITIALLY DEFERRED;


--
-- Name: auth_user_user_permissions auth_user_user_permi_permission_id_1fbb5f2c_fk_auth_perm; Type: FK CONSTRAINT; Schema: public; Owner: schedule_user
--

ALTER TABLE ONLY public.auth_user_user_permissions
    ADD CONSTRAINT auth_user_user_permi_permission_id_1fbb5f2c_fk_auth_perm FOREIGN KEY (permission_id) REFERENCES public.auth_permission(id) DEFERRABLE INITIALLY DEFERRED;


--
-- Name: auth_user_user_permissions auth_user_user_permissions_user_id_a95ead1b_fk_auth_user_id; Type: FK CONSTRAINT; Schema: public; Owner: schedule_user
--

ALTER TABLE ONLY public.auth_user_user_permissions
    ADD CONSTRAINT auth_user_user_permissions_user_id_a95ead1b_fk_auth_user_id FOREIGN KEY (user_id) REFERENCES public.auth_user(id) DEFERRABLE INITIALLY DEFERRED;


--
-- Name: django_admin_log django_admin_log_content_type_id_c4bce8eb_fk_django_co; Type: FK CONSTRAINT; Schema: public; Owner: schedule_user
--

ALTER TABLE ONLY public.django_admin_log
    ADD CONSTRAINT django_admin_log_content_type_id_c4bce8eb_fk_django_co FOREIGN KEY (content_type_id) REFERENCES public.django_content_type(id) DEFERRABLE INITIALLY DEFERRED;


--
-- Name: django_admin_log django_admin_log_user_id_c564eba6_fk_auth_user_id; Type: FK CONSTRAINT; Schema: public; Owner: schedule_user
--

ALTER TABLE ONLY public.django_admin_log
    ADD CONSTRAINT django_admin_log_user_id_c564eba6_fk_auth_user_id FOREIGN KEY (user_id) REFERENCES public.auth_user(id) DEFERRABLE INITIALLY DEFERRED;


--
-- Name: schedule_lesson schedule_lesson_group_id_90f65ef8_fk_schedule_group_id; Type: FK CONSTRAINT; Schema: public; Owner: schedule_user
--

ALTER TABLE ONLY public.schedule_lesson
    ADD CONSTRAINT schedule_lesson_group_id_90f65ef8_fk_schedule_group_id FOREIGN KEY (group_id) REFERENCES public.schedule_group(id) DEFERRABLE INITIALLY DEFERRED;


--
-- Name: schedule_lesson schedule_lesson_lesson_type_id_3fb25148_fk_schedule_; Type: FK CONSTRAINT; Schema: public; Owner: schedule_user
--

ALTER TABLE ONLY public.schedule_lesson
    ADD CONSTRAINT schedule_lesson_lesson_type_id_3fb25148_fk_schedule_ FOREIGN KEY (lesson_type_id) REFERENCES public.schedule_lessontype(id) DEFERRABLE INITIALLY DEFERRED;


--
-- Name: schedule_lesson schedule_lesson_room_id_6527d42b_fk_schedule_room_id; Type: FK CONSTRAINT; Schema: public; Owner: schedule_user
--

ALTER TABLE ONLY public.schedule_lesson
    ADD CONSTRAINT schedule_lesson_room_id_6527d42b_fk_schedule_room_id FOREIGN KEY (room_id) REFERENCES public.schedule_room(id) DEFERRABLE INITIALLY DEFERRED;


--
-- Name: schedule_lesson schedule_lesson_subject_id_c94c832f_fk_schedule_subject_id; Type: FK CONSTRAINT; Schema: public; Owner: schedule_user
--

ALTER TABLE ONLY public.schedule_lesson
    ADD CONSTRAINT schedule_lesson_subject_id_c94c832f_fk_schedule_subject_id FOREIGN KEY (subject_id) REFERENCES public.schedule_subject(id) DEFERRABLE INITIALLY DEFERRED;


--
-- Name: schedule_lesson schedule_lesson_teacher_id_1c27ae23_fk_schedule_teacher_id; Type: FK CONSTRAINT; Schema: public; Owner: schedule_user
--

ALTER TABLE ONLY public.schedule_lesson
    ADD CONSTRAINT schedule_lesson_teacher_id_1c27ae23_fk_schedule_teacher_id FOREIGN KEY (teacher_id) REFERENCES public.schedule_teacher(id) DEFERRABLE INITIALLY DEFERRED;


--
-- Name: schedule_lesson schedule_lesson_time_slot_id_c94e18d2_fk_schedule_timeslot_id; Type: FK CONSTRAINT; Schema: public; Owner: schedule_user
--

ALTER TABLE ONLY public.schedule_lesson
    ADD CONSTRAINT schedule_lesson_time_slot_id_c94e18d2_fk_schedule_timeslot_id FOREIGN KEY (time_slot_id) REFERENCES public.schedule_timeslot(id) DEFERRABLE INITIALLY DEFERRED;


--
-- Name: schedule_room schedule_room_building_id_c9329c6c_fk_schedule_building_id; Type: FK CONSTRAINT; Schema: public; Owner: schedule_user
--

ALTER TABLE ONLY public.schedule_room
    ADD CONSTRAINT schedule_room_building_id_c9329c6c_fk_schedule_building_id FOREIGN KEY (building_id) REFERENCES public.schedule_building(id) DEFERRABLE INITIALLY DEFERRED;


--
-- PostgreSQL database dump complete
--

\unrestrict 3liqmyKdFCC0QaQoO0muNv9Q8MoPiHqEK1goGscGjlLgDddbojr4nmzK5J83ebs

